name,main_category,sub_category,image,link,ratings,no_of_ratings,price
Lasmo Oversized Women T-Shirts.,clothing,T-Shirts,https://m.media-amazon.com/images/I/418aYi5Q1IL._AC_UL320_.jpg,https://www.amazon.in/Lasmo-Oversized-Unisex-Printed-T-Shirts/dp/B0BVJ5FJV1/ref=sr_1_3295?qid=1679152861&s=apparel&sr=1-3295,5,5,349
Armani Exchange Hampton Women's Watch,clothing,Watches,https://m.media-amazon.com/images/I/6148Z7pxerL._AC_UL320_.jpg,https://www.amazon.in/Armani-Exchange-Hampton-Analog-Watch-AX5262/dp/B09NS1HJM9/ref=sr_1_247?qid=1679155590&s=watches&sr=1-247,5,4,16096
Yoga Mat PESOMA Premium Thick Mat,Sports & Fitness,Yoga Mats,https://m.media-amazon.com/images/I/51E01r4E-XL._AC_UL320_.jpg,https://www.amazon.in/Yoga-Mat-Performance-Cushioning-Black-Grey/dp/B0BWS7FLXS/ref=sr_1_58?qid=1679217837&s=sports&sr=1-58,4.9,88,799
Sony Bravia (65 inches) 4K Ultra HD LED TV (Black),electronics,Televisions,https://m.media-amazon.com/images/W/IMAGERENDERING_521856-T1/images/I/81wxS8abrgL._AC_UL320_.jpg,https://www.amazon.in/Sony-Bravia-inches-Google-KD-65X74K/dp/B09WN3SRC7/ref=sr_1_32?qid=1679128060&s=electronics&sr=1-32,4.7,8000,69990
Sony Bravia (43 inches) 4K Ultra HD LED TV (Black),electronics,Televisions,https://m.media-amazon.com/images/W/IMAGERENDERING_521856-T1/images/I/81wxS8abrgL._AC_UL320_.jpg,https://www.amazon.in/Sony-Bravia-inches-Google-KD-43X74K/dp/B09WN2CVMY/ref=sr_1_34?qid=1679128060&s=electronics&sr=1-34,4.7,8000,41999
EQUAL 3 Inch Universally Compatible Office Chair ,Furniture,Chairs,https://m.media-amazon.com/images/W/IMAGERENDERING_521856-T2/images/I/71YYja2920L._AC_UL320_.jpg,https://www.amazon.in/EQUAL-Office-Chair-Caster-Wheels/dp/B084RN5ZK8/ref=sr_1_342?qid=1679212904&s=kitchen&sr=1-342,4.6,829,1130
THALASI Anime Printed T-Shirts,clothing,T-Shirts,https://m.media-amazon.com/images/I/51wJCi6D6oL._AC_UL320_.jpg,https://www.amazon.in/THALASI-Anime-Printed-Oversized-T-Shirts/dp/B0BVWPYK5B/ref=sr_1_61?qid=1679139862&s=apparel&sr=1-61,4.6,9,399
Titan Raga Facets Women's Watch,clothing,Watches,https://m.media-amazon.com/images/I/71ewugZRsJL._AC_UL320_.jpg,https://www.amazon.in/Titan-Facets-Analog-Womens-Watch-95118WM02/dp/B07YLVL85Q/ref=sr_1_211?qid=1679155590&s=watches&sr=1-211,4.6,50,17495
Michael Kors Sofie Women's Watch,clothing,Watches,https://m.media-amazon.com/images/I/61m0QwX6DBL._AC_UL320_.jpg,https://www.amazon.in/Michael-Kors-Analog-Womens-Watch-MK4336/dp/B07MJHY39D/ref=sr_1_231?qid=1679155590&s=watches&sr=1-231,4.6,225,14697
Voltas 2 Ton Inverter Split AC,electronics,Air Conditioners,https://m.media-amazon.com/images/I/41e6oqY5-ZL._AC_UL320_.jpg,https://www.amazon.in/Voltas-Adjustable-Inverter-Copper-VECTRA/dp/B0BBFTT3YL/ref=sr_1_34_mod_primary_new?qid=1679134239&s=kitchen&sbo=RZvfv%2F%2FHxDF%2BO5021pAnSA%3D%3D&sr=1-34,4.6,3,44990
Zemic Portable Shoe Rack ,Furniture,Racks,https://m.media-amazon.com/images/I/61tYxdoTe1L._AC_UL320_.jpg,https://www.amazon.in/Zemic-Adjustable-Detachable-Expandable-Black10Shelf5Door/dp/B0BPP3K9YC/ref=sr_1_441?qid=1679212906&s=kitchen&sr=1-441,4.5,1746,2672
Great Choice Men's Lycra Shorts ,Sports & Fitness,Men's shorts,https://m.media-amazon.com/images/I/31LtS8D5eBL._AC_UL320_.jpg,https://www.amazon.in/Great-Choice-Lycra-Running-Shorts/dp/B0BQFB69XK/ref=sr_1_223?qid=1679217841&s=sports&sr=1-223,4.5,2,269
YONEX Junior Badminton Tennis Shorts 2061JR,Sports & Fitness,Men's shorts,https://m.media-amazon.com/images/W/IMAGERENDERING_521856-T2/images/I/81cf1EL7LNL._AC_UL320_.jpg,https://www.amazon.in/Badminton-Apparel-Shorts-2061JR-8903224343682/dp/B0BFFGHKTY/ref=sr_1_1123?qid=1679217853&s=sports&sr=1-1123,4.5,5,945
ASICS Men's Noosa Tri 14 Running Shoe,clothing,Shoes,https://m.media-amazon.com/images/I/61M4JjiIH3L._AC_UL320_.jpg,https://www.amazon.in/ASICS-Noosa-Blue-Running-Shoes/dp/B0BN2KV4W4/ref=sr_1_1015?qid=1679147220&s=shoes&sr=1-1015,4.5,153,7217
Whirlpool 184L Single Door Refrigerator ,kitchen appliances,Refrigerators,https://m.media-amazon.com/images/I/51HS1w-SYlL._AC_UL320_.jpg,https://www.amazon.in/Whirlpool-Direct-Cool-Refrigerator-RADIANCE-Z-Vegetable/dp/B0BSRTWX56/ref=sr_1_38?qid=1679134276&s=kitchen&sr=1-38,4.5,2,13890
VU (43 inches) The GloLED 4K TV (Grey),electronics,Televisions,https://m.media-amazon.com/images/W/IMAGERENDERING_521856-T1/images/I/71drm2+hb4L._AC_UL320_.jpg,https://www.amazon.in/VU-inches-GloLED-Google-43GloLED/dp/B0BRNKSTV3/ref=sr_1_43?qid=1679128060&s=electronics&sr=1-43,4.5,1263,28991
Fulminare Self-Adhesive Aluminium Bathroom Corner Shelf Rack ,Furniture,Racks,https://m.media-amazon.com/images/W/IMAGERENDERING_521856-T2/images/I/81JRpSeIYpL._AC_UL320_.jpg,https://www.amazon.in/Fulminare-Self-Adhesive-Aluminium-Organizer-Organisers/dp/B0BFB96XHK/ref=sr_1_347?qid=1679212904&s=kitchen&sr=1-347,4.4,305,1299
OORA Men Shorts Set,Sports & Fitness,Men's shorts,https://m.media-amazon.com/images/W/IMAGERENDERING_521856-T2/images/I/61CWsGZv3LS._AC_UL320_.jpg,https://www.amazon.in/OORA-Sports-Shorts-Size-28-34-Inches/dp/B0991CXZ11/ref=sr_1_1105?qid=1679217853&s=sports&sr=1-1105,4.4,4,279
Dr Trust TPE Premium Luxfoam Yoga Mat,Sports & Fitness,Yoga Mats,https://m.media-amazon.com/images/I/81wvPXmY45L._AC_UL320_.jpg,https://www.amazon.in/Dr-Trust-Premium-Flooring-Exercise/dp/B08D3M5DJ7/ref=sr_1_49?qid=1679217837&s=sports&sr=1-49,4.4,747,1299
OJS Yoga Mat for Women and Men ,Sports & Fitness,Yoga Mats,https://m.media-amazon.com/images/I/71-3iIPoIFL._AC_UL320_.jpg,https://www.amazon.in/OJS-Material-Meditation-WINE-BLACK-MULTICOLOR/dp/B0BQ6J6RYP/ref=sr_1_54?qid=1679217837&s=sports&sr=1-54,4.4,27,379
TEGO Stance Truly Reversible Yoga Mat ,Sports & Fitness,Yoga Mats,https://m.media-amazon.com/images/I/71GT6DxGXkL._AC_UL320_.jpg,https://www.amazon.in/TEGO-Stance-Truly-Reversible-GuideAlign/dp/B07R457D2W/ref=sr_1_63?qid=1679217837&s=sports&sr=1-63,4.4,924,2279
Liberty Men Formal Shoes,clothing,Shoes,https://m.media-amazon.com/images/W/IMAGERENDERING_521856-T2/images/I/81WDt0SoALL._AC_UL320_.jpg,https://www.amazon.in/Liberty-Hol-21-Formal-Shoes-9-51315292/dp/B0926TLFD5/ref=sr_1_176?qid=1679147883&s=shoes&sr=1-176,4.4,17,899
TIMEX Women's Watch,clothing,Watches,https://m.media-amazon.com/images/W/IMAGERENDERING_521856-T1/images/I/71Gj-PAtAmL._AC_UL320_.jpg,https://www.amazon.in/Timex-Analog-Gold-Womens-Watch-TW000Q810/dp/B014HDPQ8G/ref=sr_1_31?qid=1679155582&s=watches&sr=1-31,4.4,1259,2249
Philips 1.5-Litre Electric Kettle,kitchen appliances,Kettle,https://m.media-amazon.com/images/I/81eVsU9t8FL._AC_UL320_.jpg,https://www.amazon.in/Philips-HD9306-06-1-5-Litre-Multicolor/dp/B00TI8E7BI/ref=sr_1_1424?qid=1679135672&s=appliances&sr=1-1424,4.4,2569,2560
AGARO Electric Kettle 0.5L,kitchen appliances,Kettle,https://m.media-amazon.com/images/I/71BnnQhjHxL._AC_UL320_.jpg,https://www.amazon.in/OPTIMA-ELECTRIC-KETTLE-1500-Watt-Stainless/dp/B08CS2S4JB/ref=sr_1_2619?qid=1679135743&s=appliances&sr=1-2619,4.4,247,939
Samsung 253L Double Door Refrigerator ,kitchen appliances,Refrigerators,https://m.media-amazon.com/images/I/61kNDBKxSuL._AC_UL320_.jpg,https://www.amazon.in/Samsung-Inverter-Refrigerator-RT28A3453S8-HL/dp/B08SBSL8Y2/ref=sr_1_4?qid=1679134275&s=kitchen&sr=1-4,4.4,5784,24990
Samsung 189L Single Door Refrigerator ,kitchen appliances,Refrigerators,https://m.media-amazon.com/images/I/61pZR4rv-WL._AC_UL320_.jpg,https://www.amazon.in/Samsung-Direct-Cool-Refrigerator-RR21C2H25CR-HL/dp/B0BR3XFWKD/ref=sr_1_9?qid=1679134275&s=kitchen&sr=1-9,4.4,3477,17890
LG 185L Single Door Refrigerator ,kitchen appliances,Refrigerators,https://m.media-amazon.com/images/I/61MaF1ibiiL._AC_UL320_.jpg,https://www.amazon.in/LG-Inverter-Direct-Cool-Refrigerator-GL-D201APZU/dp/B0BRQ9L7P1/ref=sr_1_12?qid=1679134275&s=kitchen&sr=1-12,4.4,1357,16990
LG 224L Single Door Refrigerator ,kitchen appliances,Refrigerators,https://m.media-amazon.com/images/I/71XbkwjbVUL._AC_UL320_.jpg,https://www.amazon.in/LG-Inverter-Direct-Cool-Refrigerator-GL-D241ASCY/dp/B084YBZ5YV/ref=sr_1_33?qid=1679134276&s=kitchen&sr=1-33,4.4,1122,19990
Acer (32 inches) I Series HD Ready LED TV (Black),electronics,Televisions,https://m.media-amazon.com/images/W/IMAGERENDERING_521856-T2/images/I/712am1RDNiL._AC_UL320_.jpg,https://www.amazon.in/Acer-inches-Ready-Android-AR32AR2841HDFL/dp/B0B1YVCJ2Y/ref=sr_1_9?qid=1679128058&s=electronics&sr=1-9,4.4,7943,10999
Acer (55 inches) I Series 4K Ultra HD LED TV (Black),electronics,Televisions,https://m.media-amazon.com/images/W/IMAGERENDERING_521856-T2/images/I/71RNJ5AGNBL._AC_UL320_.jpg,https://www.amazon.in/Acer-inches-Ultra-Android-AR55AR2851UDFL/dp/B0B1YZ9CB8/ref=sr_1_19?qid=1679128058&s=electronics&sr=1-19,4.4,7943,29999
Acer (50 inches) H Series 4K Ultra HD LED TV(Black),electronics,Televisions,https://m.media-amazon.com/images/W/IMAGERENDERING_521856-T1/images/I/91SsUeXvteL._AC_UL320_.jpg,https://www.amazon.in/Acer-inches-Ultra-Android-AR50AR2851UDPRO/dp/B0B99NL2JM/ref=sr_1_48?qid=1679128060&s=electronics&sr=1-48,4.4,2687,28999
Adidas Men's Shorts,Sports & Fitness,Men's shorts,https://m.media-amazon.com/images/I/51d7yBqAV6L._AC_UL320_.jpg,https://www.amazon.in/Adidas-Mens-Shorts-He7167_L-Black/dp/B09N2Q7QJP/ref=sr_1_227?qid=1679217841&s=sports&sr=1-227,4.3,7,899
SHREY Apparels Compression Short Tights ,Sports & Fitness,Men's shorts,https://m.media-amazon.com/images/I/71Rw4Ivi1uL._AC_UL320_.jpg,https://www.amazon.in/Shrey-Apparels-Compression-Short-Tights/dp/B0B7DHS648/ref=sr_1_233?qid=1679217841&s=sports&sr=1-233,4.3,33,900
Li-Ning Panther Double Zipper Polyester Badminton Kit Bag,Sports & Fitness,Sports Shoes,https://m.media-amazon.com/images/I/71vMNBKkbgL._AC_UL320_.jpg,https://www.amazon.in/Li-Ning-Panther-Double-Polyester-Badminton/dp/B09VDQDXWN/ref=sr_1_34?qid=1679147183&s=shoes&sr=1-34,4.3,311,999
AmazonBasics 6 mm Thick TPE Yoga Mat,Sports & Fitness,Yoga Mats,https://m.media-amazon.com/images/I/71NNoJ8-gaL._AC_UL320_.jpg,https://www.amazon.in/AmazonBasics-TPE-Yoga-Mat-Green/dp/B07R6TQLF9/ref=sr_1_51?qid=1679217837&s=sports&sr=1-51,4.3,488,709
Sport Fuel Nylon Yoga Mat Cover ,Sports & Fitness,Yoga Mats,https://m.media-amazon.com/images/I/61Kiuk15T1L._AC_UL320_.jpg,https://www.amazon.in/Sport-Fuel-8907313008520-Nylon-Cover/dp/B01NADIPX3/ref=sr_1_64?qid=1679217837&s=sports&sr=1-64,4.3,470,379
TEGO CORE Yoga Mat,Sports & Fitness,Yoga Mats,https://m.media-amazon.com/images/I/51qvblMVXbL._AC_UL320_.jpg,https://www.amazon.in/TEGO-CORE-Yoga-GuideAlign-Inch-Exercise/dp/B0BQY3XC4R/ref=sr_1_70?qid=1679217837&s=sports&sr=1-70,4.3,16,1849
Hykes Yoga Mat for Women & Men,Sports & Fitness,Yoga Mats,https://m.media-amazon.com/images/I/61b-UnnzmHL._AC_UL320_.jpg,https://www.amazon.in/Hykes-Alignment-Carrying-Anti-Slip-Thickness/dp/B097P8PH5K/ref=sr_1_72?qid=1679217837&s=sports&sr=1-72,4.3,298,1299
HealthSense Yoga Mat for Women & Men,Sports & Fitness,Yoga Mats,https://m.media-amazon.com/images/I/71KeqoUBaRL._AC_UL320_.jpg,https://www.amazon.in/HealthSense-Exercise-Workout-Material-Anti-Slip/dp/B0BJ2CQHW5/ref=sr_1_75?qid=1679217838&s=sports&sr=1-75,4.3,56,1399
Sparx Womens Running Shoes,clothing,Shoes,https://m.media-amazon.com/images/I/71QFQa8IqaL._AC_UL320_.jpg,https://www.amazon.in/Sparx-Womens-Running-Shoes-7-SX0167L_BKLP0007/dp/B08JVZ7J11/ref=sr_1_11?qid=1679211495&s=shoes&sr=1-11,4.3,5294,940
Puma Women's Love Closed Shoe,clothing,Shoes,https://m.media-amazon.com/images/W/IMAGERENDERING_521856-T1/images/I/61PincPVeQL._AC_UL320_.jpg,https://www.amazon.in/PUMA-Womens-White-Marshmallow-Sneaker-4062451625504/dp/B07SF2JN7P/ref=sr_1_213?qid=1679211497&s=shoes&sr=1-213,4.3,122,1729
Titan Karishma Revive Women's Watch,clothing,Watches,https://m.media-amazon.com/images/W/IMAGERENDERING_521856-T1/images/I/617cYEKOE9L._AC_UL320_.jpg,https://www.amazon.in/Titan-Karishma-Revive-Analog-Watch-2594BM01/dp/B079MD544V/ref=sr_1_16?qid=1679155582&s=watches&sr=1-16,4.3,1169,1596
Orpat 1L Cordless Kettle,kitchen appliances,Kettle,https://m.media-amazon.com/images/W/IMAGERENDERING_521856-T2/images/I/41zLECISgqL._AC_UL320_.jpg,https://www.amazon.in/Orpat-OEK-8147-1-Litre-Cordless-Kettle/dp/B00H7E5TD0/ref=sr_1_4267?qid=1679135834&s=appliances&sr=1-4267,4.3,1966,1045
LG 185L Single Door Refrigerator ,kitchen appliances,Refrigerators,https://m.media-amazon.com/images/I/61T4yGA9-oL._AC_UL320_.jpg,https://www.amazon.in/LG-Inverter-Direct-Cool-Refrigerator-GL-D201ASCU/dp/B0BRNX1TMX/ref=sr_1_22?qid=1679134275&s=kitchen&sr=1-22,4.3,2170,17590
LG 185L Single Door Refrigerator ,kitchen appliances,Refrigerators,https://m.media-amazon.com/images/I/817EjlZZ5ML._AC_UL320_.jpg,https://www.amazon.in/LG-Inverter-Direct-Cool-Refrigerator-GL-D199OERY/dp/B0BS1VT5YW/ref=sr_1_49?qid=1679134276&s=kitchen&sr=1-49,4.3,2249,16690
Lloyd 1.5 Ton Inverter Split Ac,electronics,Air Conditioners,https://m.media-amazon.com/images/I/31IXlxIPsOL._AC_UL320_.jpg,https://www.amazon.in/Lloyd-Inverter-Convertible-Anti-Viral-GLS18I5FWBEV/dp/B0BRKXBRMF/ref=sr_1_11?qid=1679134237&s=kitchen&sr=1-11,4.3,1494,39990
Panasonic 1.5 Ton Inverter Split AC,electronics,Air Conditioners,https://m.media-amazon.com/images/I/61ZzcguzB1L._AC_UL320_.jpg,https://www.amazon.in/Panasonic-Convertible-additional-Purification-CU-NU18YKY5W/dp/B0BRJ1973T/ref=sr_1_19?qid=1679134237&s=kitchen&sr=1-19,4.3,5073,45990
Carrier 1.5 Ton Window AC,electronics,Air Conditioners,https://m.media-amazon.com/images/I/717wB+IneGL._AC_UL320_.jpg,https://www.amazon.in/Carrier-Window-Copper-Directional-Control/dp/B0BDG3RTG5/ref=sr_1_49?qid=1679134239&s=kitchen&sr=1-49,4.3,201,30990
Cruise 1.5 Ton Inverter Split AC,electronics,Air Conditioners,https://m.media-amazon.com/images/I/41wle1II8xL._AC_UL320_.jpg,https://www.amazon.in/Cruise-Inverter-Filtration-CWCVBG-VQ1W183-Dehumidifier/dp/B094752MJ5/ref=sr_1_54?qid=1679134239&s=kitchen&sr=1-54,4.3,23,29990
Samsung (43 inches) Crystal 4K Neo Series Ultra HD LED TV (Black),electronics,Televisions,https://m.media-amazon.com/images/W/IMAGERENDERING_521856-T2/images/I/71B7sRIydwL._AC_UL320_.jpg,https://www.amazon.in/Samsung-inches-Crystal-Ultra-UA43AUE65AKXXL/dp/B0B15CPR37/ref=sr_1_12?qid=1679128058&s=electronics&sr=1-12,4.3,7879,29990
LG (32 inches) HD Ready LED TV (Dark Iron Gray),electronics,Televisions,https://m.media-amazon.com/images/W/IMAGERENDERING_521856-T2/images/I/71arAQvySlL._AC_UL320_.jpg,https://www.amazon.in/LG-inches-Ready-Smart-32LM563BPTC/dp/B08DPLCM6T/ref=sr_1_17?qid=1679128058&s=electronics&sr=1-17,4.3,12510,13990
TOSHIBA (32 inches) V Series HD Ready LED TV (Silver),electronics,Televisions,https://m.media-amazon.com/images/W/IMAGERENDERING_521856-T1/images/I/71KCvhgZt0L._AC_UL320_.jpg,https://www.amazon.in/TOSHIBA-inches-Android-32V35KP-Silver/dp/B0B3HJM3XP/ref=sr_1_52?qid=1679128060&s=electronics&sr=1-52,4.3,1932,13990
VW (32 inches) Playwall Frameless Series HD Ready LED TV (Black),electronics,Televisions,https://m.media-amazon.com/images/W/IMAGERENDERING_521856-T1/images/I/71tayeblEsL._AC_UL320_.jpg,https://www.amazon.in/VW-Playwall-Frameless-Android-VW3251/dp/B0B16KD737/ref=sr_1_53?qid=1679128060&s=electronics&sr=1-53,4.3,927,8499
Featherlite ''Astro'' Mesh Home & Office Ergonomic Chair ,Furniture,Chairs,https://m.media-amazon.com/images/I/71bIM51hRiL._AC_UL320_.jpg,https://www.amazon.in/Featherlite-Ergonomic-Adjustable-Support-Armrest/dp/B09DNZPTJ8/ref=sr_1_496?qid=1679212908&s=kitchen&sr=1-496,4.2,874,8999
Amazon Brand - Solimo Steel and Non Woven Shoe Rack,Furniture,Racks,https://m.media-amazon.com/images/I/91eB0je3CvL._AC_UL320_.jpg,https://www.amazon.in/Amazon-Brand-Solimo-Racks-Black/dp/B08DJST4GC/ref=sr_1_987?qid=1679212915&s=kitchen&sr=1-987,4.2,284,759
TRUEREVO 2 in 1 Running Sports Shorts for Men,Sports & Fitness,Men's shorts,https://m.media-amazon.com/images/I/51H4mmPCDnL._AC_UL320_.jpg,https://www.amazon.in/TRUEREVO-Double-Layered-Sports-Shorts/dp/B071WW5G4Y/ref=sr_1_230?qid=1679217841&s=sports&sr=1-230,4.2,816,1470
WiseLife TRU Alignment Yoga Mat,Sports & Fitness,Yoga Mats,https://m.media-amazon.com/images/I/61b+Zrv6-WL._AC_UL320_.jpg,https://www.amazon.in/WiseLife-Alignment-Storage-ProBalance-Material/dp/B08W1WMQ1V/ref=sr_1_60?qid=1679217837&s=sports&sr=1-60,4.2,719,1223.78
Campus Women's Alexa Running Shoes,clothing,Shoes,https://m.media-amazon.com/images/I/61MGVjbYydL._AC_UL320_.jpg,https://www.amazon.in/Campus-Womens-Running-Shoes-7-5G-663/dp/B07SYPMHB7/ref=sr_1_4?qid=1679211495&s=shoes&sr=1-4,4.2,7143,883
Red Tape Women's Walking Shoes,clothing,Shoes,https://m.media-amazon.com/images/I/51TDrJ0WFYL._AC_UL320_.jpg,https://www.amazon.in/Red-Tape-Womens-Walking-Shoes-6/dp/B0B8VDD81L/ref=sr_1_12?qid=1679211495&s=shoes&sr=1-12,4.2,79,1215
Veirdo Oversized Doodle Printed Tshirt,clothing,T-Shirts,https://m.media-amazon.com/images/W/IMAGERENDERING_521856-T2/images/I/51OxGO9XSnL._AC_UL320_.jpg,https://www.amazon.in/Veirdo-Cotton-Oversized-Printed-T-Shirt/dp/B09RV243NV/ref=sr_1_2179?qid=1679152820&s=apparel&sr=1-2179,4.2,355,449
Michael Kors Chronograph Women's Watch,clothing,Watches,https://m.media-amazon.com/images/I/81X6b+mWenL._AC_UL320_.jpg,https://www.amazon.in/Michael-Kors-Analog-Womens-Watch-MK5896/dp/B00FZE1AZU/ref=sr_1_116?qid=1679155586&s=watches&sr=1-116,4.2,2515,19495
Tommy Hilfiger Men's Watch ,clothing,Watches,https://m.media-amazon.com/images/I/715DELJdP0L._AC_UL320_.jpg,https://www.amazon.in/Tommy-Hilfiger-Analog-Blue-Watch-TH1791476/dp/B07CTT1Y6C/ref=sr_1_147?qid=1679155586&s=watches&sr=1-147,4.2,182,7871
jainx Premium Women Watch,clothing,Watches,https://m.media-amazon.com/images/I/71pcw8MRXiL._AC_UL320_.jpg,https://www.amazon.in/Jainx-Analogue-Golden-Womens-Watch-Jw512/dp/B00WBK62BS/ref=sr_1_234?qid=1679155590&s=watches&sr=1-234,4.2,388,569
Giordano Women's Watch,clothing,Watches,https://m.media-amazon.com/images/I/715xQ8OUVdL._AC_UL320_.jpg,https://www.amazon.in/Giordano-Analog-Silver-Womens-Watch-2796-03/dp/B01MRZXNZ0/ref=sr_1_243?qid=1679155590&s=watches&sr=1-243,4.2,2,3000
Butterfly EKN 1.5-Litre Electric Kettle,kitchen appliances,Kettle,https://m.media-amazon.com/images/W/IMAGERENDERING_521856-T1/images/I/71cFxsy+BCL._AC_UL320_.jpg,https://www.amazon.in/Butterfly-EKN-1-5-Litre-Kettle-Silver/dp/B078V8R9BS/ref=sr_1_17?qid=1679135585&s=appliances&sr=1-17,4.2,36295,649
Expresso Tea Pot/Coffee Kettle (200 Ml),kitchen appliances,Kettle,https://m.media-amazon.com/images/I/61uc1rd7bqL._AC_UL320_.jpg,https://www.amazon.in/Expresso-Stainless-Indian-Filter-Coffee/dp/B08LBC68LC/ref=sr_1_1255?qid=1679135662&s=appliances&sr=1-1255,4.2,67,549
Usha EK Electric Kettle 1L,kitchen appliances,Kettle,https://m.media-amazon.com/images/I/313Tpa9PYxL._AC_UL320_.jpg,https://www.amazon.in/Usha-Ltr-Ek3315-Electric-Kettle/dp/B00UQ7I9WI/ref=sr_1_3285?qid=1679135779&s=appliances&sr=1-3285,4.2,533,1499
Godrej 180L Single Door Refrigerator ,kitchen appliances,Refrigerators,https://m.media-amazon.com/images/I/61eU1t-ag2L._AC_UL320_.jpg,https://www.amazon.in/Godrej-Direct-Cool-Refrigerator-EDGENEO-Technology/dp/B0BV27HC9R/ref=sr_1_7?qid=1679134275&s=kitchen&sr=1-7,4.2,1282,14690
Haier 190L Single Door Refrigerator ,kitchen appliances,Refrigerators,https://m.media-amazon.com/images/I/71uc7LdOzmL._AC_UL320_.jpg,https://www.amazon.in/Haier-Single-Refrigerator-HED-204DS-P-Dazzle/dp/B0BTHLMS39/ref=sr_1_11?qid=1679134275&s=kitchen&sr=1-11,4.2,4185,14790
Whirlpool 184L Single Door Refrigerator ,kitchen appliances,Refrigerators,https://m.media-amazon.com/images/I/41z+qaUUJZL._AC_UL320_.jpg,https://www.amazon.in/Whirlpool-Direct-Cool-Refrigerator-SAPPHIRE-Vegetable/dp/B0BSRVL2VV/ref=sr_1_17?qid=1679134275&s=kitchen&sr=1-17,4.2,4929,11990
Whirlpool 240L Multi-Door Refrigerator,kitchen appliances,Refrigerators,https://m.media-amazon.com/images/I/51doUVvMA-L._AC_UL320_.jpg,https://www.amazon.in/Whirlpool-Refrigerator-263D-Protton-Roy/dp/B078YHT1FR/ref=sr_1_28?qid=1679134275&s=kitchen&sr=1-28,4.2,4609,25790
Hisense 46L Single Door Mini Refrigerator ,kitchen appliances,Refrigerators,https://m.media-amazon.com/images/I/81ALlR0NIkL._AC_UL320_.jpg,https://www.amazon.in/Hisense-Direct-Cool-Single-Refrigerator-RR46D4SSN/dp/B0B3M1WCCP/ref=sr_1_28?qid=1679134276&s=kitchen&sr=1-28,4.2,72,7990
Lifelong 505L Refrigerator,kitchen appliances,Refrigerators,https://m.media-amazon.com/images/I/71rHl5QXhxL._AC_UL320_.jpg,https://www.amazon.in/Lifelong-Refrigerator-Compressor-compressor-LLSBSR505/dp/B09DCG7WCK/ref=sr_1_39?qid=1679134276&s=kitchen&sr=1-39,4.2,14,47990
OnePlus Bullets Z2 Wireless Earphones,electronics,Headphones,https://m.media-amazon.com/images/I/51UhwaQXCpL._AC_UL320_.jpg,https://www.amazon.in/Oneplus-Bluetooth-Wireless-Earphones-Bombastic/dp/B09TVVGXWS/ref=sr_1_4?qid=1679128666&s=electronics&sr=1-4,4.2,90303,1999
OnePlus Nord Buds Earbuds,electronics,Headphones,https://m.media-amazon.com/images/I/514NPRZ1AQL._AC_UL320_.jpg,https://www.amazon.in/OnePlus-Wireless-Earbuds-Titanium-Playback/dp/B09ZHPN8W5/ref=sr_1_12?qid=1679128666&s=electronics&sr=1-12,4.2,23719,2799
Oppo Enco M32 Earbuds,electronics,Headphones,https://m.media-amazon.com/images/I/518ti3ya2YL._AC_UL320_.jpg,https://www.amazon.in/OPPO-Bluetooth-Wireless-Earbuds-Charge/dp/B09NMPRX6Y/ref=sr_1_49?qid=1679128667&s=electronics&sr=1-49,4.2,19566,1599
LG 1.5 Ton Inverter Split AC ,electronics,Air Conditioners,https://m.media-amazon.com/images/I/51JFb7FctDL._AC_UL320_.jpg,https://www.amazon.in/LG-Convertible-Anti-Virus-Protection-RS-Q19YNZE/dp/B0BQ3MXML8/ref=sr_1_5?qid=1679134237&s=kitchen&sr=1-5,4.2,2948,46490
Samsung (32 Inches) HD Ready LED TV (Glossy Black),electronics,Televisions,https://m.media-amazon.com/images/W/IMAGERENDERING_521856-T2/images/I/71a4ZQNqTiL._AC_UL320_.jpg,https://www.amazon.in/Samsung-Inches-Wondertainment-UA32T4340BKXXL-Glossy/dp/B09F6S8BT6/ref=sr_1_4?qid=1679128058&s=electronics&sr=1-4,4.2,8877,12990
MI (32 inches) 5A Series HD Ready LED TV (Black),electronics,Televisions,https://m.media-amazon.com/images/W/IMAGERENDERING_521856-T2/images/I/81tD7OZ0RXL._AC_UL320_.jpg,https://www.amazon.in/MI-inches-Ready-Android-L32M7-5AIN/dp/B0B6F7LX4C/ref=sr_1_5?qid=1679128058&s=electronics&sr=1-5,4.2,34286,13999
OnePlus (55 inches) Y Series 4K Ultra HD LED TV (Black),electronics,Televisions,https://m.media-amazon.com/images/W/IMAGERENDERING_521856-T2/images/I/81Itairz1YL._AC_UL320_.jpg,https://www.amazon.in/OnePlus-55-inches-Android-Pro/dp/B0BLVQBPCC/ref=sr_1_7?qid=1679128058&s=electronics&sr=1-7,4.2,8290,38999
Redmi (43 inches) Full HD LED TV (Black),electronics,Televisions,https://m.media-amazon.com/images/W/IMAGERENDERING_521856-T2/images/I/71g3OF4CL9L._AC_UL320_.jpg,https://www.amazon.in/Redmi-inches-Smart-L43M6-RA-Android/dp/B09G73T643/ref=sr_1_10?qid=1679128058&s=electronics&sr=1-10,4.2,47642,21999
OnePlus (43 inches) Y Series 4K Ultra HD LED TV Pro (Black),electronics,Televisions,https://m.media-amazon.com/images/W/IMAGERENDERING_521856-T2/images/I/819SRH2DKBL._AC_UL320_.jpg,https://www.amazon.in/OnePlus-43-inches-Android-Pro/dp/B09VCHLSJF/ref=sr_1_21?qid=1679128058&s=electronics&sr=1-21,4.2,8290,29999
TCL (40 inches) Full HD LED TV (Black),electronics,Televisions,https://m.media-amazon.com/images/W/IMAGERENDERING_521856-T2/images/I/61f1sKQ7FiL._AC_UL320_.jpg,https://www.amazon.in/TCL-inches-Certified-Android-40S6505/dp/B09T3KB6JZ/ref=sr_1_24?qid=1679128058&s=electronics&sr=1-24,4.2,1308,16990
iFFALCON (58 inches) 4K Ultra HD LED TV (Black),electronics,Televisions,https://m.media-amazon.com/images/W/IMAGERENDERING_521856-T1/images/I/714OTuxxnfL._AC_UL320_.jpg,https://www.amazon.in/iFFALCON-inches-Ultra-Google-iFF58U62/dp/B0BMQL1518/ref=sr_1_28?qid=1679128060&s=electronics&sr=1-28,4.2,2033,33999
TCL (50 inches) 4K Ultra HD LED TV(Black),electronics,Televisions,https://m.media-amazon.com/images/W/IMAGERENDERING_521856-T1/images/I/71M-4svv9-L._AC_UL320_.jpg,https://www.amazon.in/TCL-inches-Certified-Android-50P615/dp/B08FD3HN12/ref=sr_1_37?qid=1679128060&s=electronics&sr=1-37,4.2,2809,26990
CELLBELL C106 Medium Back Mesh Office Chair,Furniture,Chairs,https://m.media-amazon.com/images/W/IMAGERENDERING_521856-T1/images/I/61Ui5Bt7UlL._AC_UL320_.jpg,https://www.amazon.in/CELLBELL-C106-Revolving-Adjustable-Reclining/dp/B09XMJPTPD/ref=sr_1_1314?qid=1679212922&s=kitchen&sr=1-1314,4.1,968,3919
Amazon Brand Multi-Purpose Shoe Rack ,Furniture,Racks,https://m.media-amazon.com/images/I/81J2zby1+8L._AC_UL320_.jpg,https://www.amazon.in/Amazon-Brand-Multi-Purpose-Shoe-Black/dp/B0B5RTNK7M/ref=sr_1_446?qid=1679212906&s=kitchen&sr=1-446,4.1,94,1139
Amazon Brand - Symactive Men Shorts,Sports & Fitness,Men's shorts,https://m.media-amazon.com/images/W/IMAGERENDERING_521856-T2/images/I/71cv73eEBWL._AC_UL320_.jpg,https://www.amazon.in/Amazon-Brand-Symbol-Shorts-AW17-SYSP-07A_XX-Large_Navy/dp/B071XCRM43/ref=sr_1_289?qid=1679217843&s=sports&sr=1-289,4.1,1168,409
Sparx Men's Sm-675 Running Shoe,Sports & Fitness,Sports Shoes,https://m.media-amazon.com/images/I/71u2XOFXAIL._AC_UL320_.jpg,https://www.amazon.in/Sparx-SM-675-Turkey-G-Yellow-SX0675GTBGD0010/dp/B08WJ1YS3N/ref=sr_1_12?qid=1679147183&s=shoes&sr=1-12,4.1,5089,849
Campus Men's Wells Running Shoes,Sports & Fitness,Sports Shoes,https://m.media-amazon.com/images/I/61XwYMOyfwL._AC_UL320_.jpg,https://www.amazon.in/Campus-Mens-Wells-Running-Shoes/dp/B08VGSPZFY/ref=sr_1_19?qid=1679147183&s=shoes&sr=1-19,4.1,1829,854
KRUM Yoga Gym Mat Exercise Yoga Mat ,Sports & Fitness,Yoga Mats,https://m.media-amazon.com/images/I/51ndmUz-ZuL._AC_UL320_.jpg,https://www.amazon.in/Yoga-Gym-Mat-Gymnastics-Traveling/dp/B07RVG1LL4/ref=sr_1_221?qid=1679217841&s=sports&sr=1-221,4.1,65,1099
US Polo Association Men's Panal Sneakers,clothing,Shoes,https://m.media-amazon.com/images/I/71Qu22EbOTL._AC_UL320_.jpg,https://www.amazon.in/US-Polo-Assn-Sneakers-8-2531918312/dp/B07VKLZN1T/ref=sr_1_27?qid=1679148619&s=shoes&sr=1-27,4.1,2789,1799
Chumbak Teal Jungle Flowers Wrist Watch,clothing,Watches,https://m.media-amazon.com/images/W/IMAGERENDERING_521856-T1/images/I/61aUVnN2v4S._AC_UL320_.jpg,https://www.amazon.in/Chumbak-Jungle-Flowers-Printed-Wrist/dp/B084VQV17Z/ref=sr_1_56?qid=1679155584&s=watches&sr=1-56,4.1,597,995
Shocknshop Women's Watch ,clothing,Watches,https://m.media-amazon.com/images/I/71Yx3M1+mPL._AC_UL320_.jpg,https://www.amazon.in/Shocknshop-Casual-Analog-Watches-Colored/dp/B0BHTTZLWB/ref=sr_1_148?qid=1679155586&s=watches&sr=1-148,4.1,30,249
Butterfly EKN 1.8L Electric Water Kettle,kitchen appliances,Kettle,https://m.media-amazon.com/images/I/81BSaG8MCYL._AC_UL320_.jpg,https://www.amazon.in/Butterfly-EKN-Electric-Kettle-Stainless/dp/B07HK89PWY/ref=sr_1_1086?qid=1679135652&s=appliances&sr=1-1086,4.1,9338,850
Pigeon 1.5L Electric Kettle,kitchen appliances,Kettle,https://m.media-amazon.com/images/W/IMAGERENDERING_521856-T2/images/I/713Jf1cFWDL._AC_UL320_.jpg,https://www.amazon.in/Pigeon-12466-1-5-Litre-Electric-Multicolor/dp/B01MSAR9DS/ref=sr_1_1961?qid=1679135705&s=appliances&sr=1-1961,4.1,5308,673
iBELL Electric Glass Kettle 1.2L,kitchen appliances,Kettle,https://m.media-amazon.com/images/I/71cflct0w5L._AC_UL320_.jpg,https://www.amazon.in/GEK12LB-PLUS-Electric-Kettle-Degree-Cordless/dp/B09DT4Y7SG/ref=sr_1_3955?qid=1679135817&s=appliances&sr=1-3955,4.1,194,1022
Bajaj Majesty KTX 1L Stainless Steel Kettle,kitchen appliances,Kettle,https://m.media-amazon.com/images/W/IMAGERENDERING_521856-T2/images/I/61j5xfuGwzL._AC_UL320_.jpg,https://www.amazon.in/Bajaj-Majesty-KTX-Multifunction-Stainless/dp/B009P2KUBI/ref=sr_1_4359?qid=1679135840&s=appliances&sr=1-4359,4.1,513,2340
Godrej 180L Single Door Refrigerator,kitchen appliances,Refrigerators,https://m.media-amazon.com/images/I/61FUkX14rXL._AC_UL320_.jpg,https://www.amazon.in/Godrej-Refrigerator-EDGE-205B-WRF/dp/B0BS6XQVD1/ref=sr_1_18?qid=1679134275&s=kitchen&sr=1-18,4.1,642,12490
AmazonBasics 44L Single Door Mini Refrigerator ,kitchen appliances,Refrigerators,https://m.media-amazon.com/images/I/51FDww4QuIL._AC_UL320_.jpg,https://www.amazon.in/Amazon-Basics-Direct-Cool-Single-Refrigerator/dp/B09RJZVYM9/ref=sr_1_21?qid=1679134275&s=kitchen&sr=1-21,4.1,755,7990
Kelvinator 95L Single Door Refrigerator,kitchen appliances,Refrigerators,https://m.media-amazon.com/images/I/513ItaN0nQL._AC_UL320_.jpg,https://www.amazon.in/Kelvinator-litres-Single-Refrigerator-KRC-A110SGP/dp/B08JKNYCNV/ref=sr_1_54_mod_primary_new?qid=1679134276&s=kitchen&sbo=RZvfv%2F%2FHxDF%2BO5021pAnSA%3D%3D&sr=1-54,4.1,168,10690
boAt Rockerz 255 Pro+ Neckband ,electronics,Headphones,https://m.media-amazon.com/images/I/51aBTOiXRlL._AC_UL320_.jpg,https://www.amazon.in/boAt-Rockerz-255-Pro-Earphones/dp/B08TV2P1N8/ref=sr_1_17?qid=1679128666&s=electronics&sr=1-17,4.1,148827,1499
JBL C100SI Wired Headphones,electronics,Headphones,https://m.media-amazon.com/images/I/51Q8DUDT2eL._AC_UL320_.jpg,https://www.amazon.in/JBL-C100SI-Ear-Headphones-Black/dp/B01DEWVZ2C/ref=sr_1_26?qid=1679128666&s=electronics&sr=1-26,4.1,194686,599
boAt Bassheads 242 Wired Earphones,electronics,Headphones,https://m.media-amazon.com/images/I/61+tzvHZi+L._AC_UL320_.jpg,https://www.amazon.in/Boat-Bassheads-242-Earphones-Resistance/dp/B07S9S86BF/ref=sr_1_36?qid=1679128667&s=electronics&sr=1-36,4.1,164872,599
Carrier 1.5 Ton Inverter Split AC,electronics,Air Conditioners,https://m.media-amazon.com/images/I/41lrtqXPiWL._AC_UL320_.jpg,https://www.amazon.in/Carrier-Inverter-Split-Copper-Flexicool/dp/B0B67RLLJC/ref=sr_1_8?qid=1679134237&s=kitchen&sr=1-8,4.1,630,34490
Daikin 1.5 Ton Inverter Split AC ,electronics,Air Conditioners,https://m.media-amazon.com/images/I/41BgAG0qRaL._AC_UL320_.jpg,https://www.amazon.in/Daikin-Inverter-Copper-Filter-MTKM50U/dp/B09R4RYCJ4/ref=sr_1_18?qid=1679134237&s=kitchen&sr=1-18,4.1,730,44990
Godrej 1.5 Ton Inverter Split AC ,electronics,Air Conditioners,https://m.media-amazon.com/images/I/51HEnpDyVpL._AC_UL320_.jpg,https://www.amazon.in/Godrej-Convertible-1-5T-18IINV5R32-WWA/dp/B0BP7SY16R/ref=sr_1_24?qid=1679134237&s=kitchen&sr=1-24,4.1,432,37490
Hisense (55 inches) Bezelless Series 4K Ultra HD LED TV (Black),electronics,Televisions,https://m.media-amazon.com/images/W/IMAGERENDERING_521856-T2/images/I/71Y9kiW1wlL._AC_UL320_.jpg,https://www.amazon.in/Hisense-inches-Bezelless-Google-55A6H/dp/B0B2CR7N3N/ref=sr_1_22?qid=1679128058&s=electronics&sr=1-22,4.1,1902,34999
Hisense (50 inches) Bezelless Series 4K Ultra HD LED TV (Black),electronics,Televisions,https://m.media-amazon.com/images/W/IMAGERENDERING_521856-T1/images/I/71Y9kiW1wlL._AC_UL320_.jpg,https://www.amazon.in/Hisense-inches-Bezelless-Google-50A6H/dp/B0B2C5MJN6/ref=sr_1_29?qid=1679128060&s=electronics&sr=1-29,4.1,1902,29999
Amazon Brand - Solimo Rhine Study/Laptop Table and Chair Set (Black),Furniture,Chairs,https://m.media-amazon.com/images/I/71kyi9i1CAS._AC_UL320_.jpg,https://www.amazon.in/Amazon-Brand-Solimo-DR-FTS-5073-table-chair/dp/B089DK4WYC/ref=sr_1_483?qid=1679212908&s=kitchen&sr=1-483,4,121,2499
Plantex Bathroom Accessories-Stainless Steel 304 Grade Folding Towel Rack,Furniture,Racks,https://m.media-amazon.com/images/W/IMAGERENDERING_521856-T2/images/I/61D114hxxTL._AC_UL320_.jpg,https://www.amazon.in/Plantex-Premium-Stainless-Bathroom-Accessories/dp/B082QZ3RSJ/ref=sr_1_351?qid=1679212904&s=kitchen&sr=1-351,4,570,1399
ENDEAVOUR WEAR Men's Sports Shorts ,Sports & Fitness,Men's shorts,https://m.media-amazon.com/images/I/61XZpad5ruL._AC_UL320_.jpg,https://www.amazon.in/ENDEAVOUR-WEAR-Light-Regular-Shorts/dp/B0B4KCSXVG/ref=sr_1_89?qid=1679217838&s=sports&sr=1-89,4,325,399
Puma Men's Bermuda Shorts,Sports & Fitness,Men's shorts,https://m.media-amazon.com/images/I/6108PLhHkbL._AC_UL320_.jpg,https://www.amazon.in/Puma-Regular-Polycotton-Casual-58670976_Peacoat-Cat_XL/dp/B08V57VJTP/ref=sr_1_228?qid=1679217841&s=sports&sr=1-228,4,28,809
ASIAN Men's Wonder-13 Sports Running Shoes,Sports & Fitness,Sports Shoes,https://m.media-amazon.com/images/I/61utX8kBDlL._AC_UL320_.jpg,https://www.amazon.in/Wonder-Firozi-Sports-Shoes-Indian/dp/B01N66F4CH/ref=sr_1_5?qid=1679147183&s=shoes&sr=1-5,4,86521,524
Reebok Men's Energy Runner LP ,Sports & Fitness,Sports Shoes,https://m.media-amazon.com/images/I/41dXa2CVvPL._AC_UL320_.jpg,https://www.amazon.in/Reebok-Mens-Energy-Runner-Running/dp/B08FZTHYQX/ref=sr_1_9?qid=1679147183&s=shoes&sr=1-9,4,2819,1250
Red Tape Men's Walking Shoes,Sports & Fitness,Sports Shoes,https://m.media-amazon.com/images/I/615LosPUEOL._AC_UL320_.jpg,https://www.amazon.in/Red-Tape-Mens-Walking-Shoes-8/dp/B0BKZFC2H4/ref=sr_1_18?qid=1679147183&s=shoes&sr=1-18,4,439,1699
Adidas Men's Clinch-X M Running Shoe,Sports & Fitness,Sports Shoes,https://m.media-amazon.com/images/I/718M+5WpfWL._AC_UL320_.jpg,https://www.amazon.in/Adidas-Mens-Clinch-X-Running-Shoe/dp/B08FZVBHM1/ref=sr_1_25?qid=1679147183&s=shoes&sr=1-25,4,3809,1169
Sparx Mens Sx0680g Sneaker,Sports & Fitness,Sports Shoes,https://m.media-amazon.com/images/I/81KiR3boi1L._AC_UL320_.jpg,https://www.amazon.in/Sparx-SM-680-Sports-Shoes-SX0680G_GYRD_0008/dp/B098B7QQ8Y/ref=sr_1_30?qid=1679147183&s=shoes&sr=1-30,4,737,1199
Puma Men's Trackracer Idp Closed Shoe,Sports & Fitness,Sports Shoes,https://m.media-amazon.com/images/I/51dWP4HDW-L._AC_UL320_.jpg,https://www.amazon.in/Rapid-Runner-Silver-Sneakers-8-4060981829775/dp/B07N7MKVVM/ref=sr_1_33?qid=1679147183&s=shoes&sr=1-33,4,4974,1614
Lotto Mens Vertigo Running Shoes,Sports & Fitness,Sports Shoes,https://m.media-amazon.com/images/I/91MhDgdsY+L._AC_UL320_.jpg,https://www.amazon.in/Lotto-Vertigo-Black-Running-Shoes/dp/B072X3L8DV/ref=sr_1_38?qid=1679147183&s=shoes&sr=1-38,4,17855,833
Sparx mens Sneakers,clothing,Shoes,https://m.media-amazon.com/images/I/51e48JV2GfL._AC_UL320_.jpg,https://www.amazon.in/Sparx-Casual-Stripped-Sneakers-White/dp/B0B4KF6LFM/ref=sr_1_5?qid=1679148619&s=shoes&sr=1-5,4,1893,499
Puma Mens Cliff Idp Low Boot,clothing,Shoes,https://m.media-amazon.com/images/I/71P6Ez1pDeL._AC_UL320_.jpg,https://www.amazon.in/Puma-Cliff-Casual-Shoe-9-38718608/dp/B09CH5RMFR/ref=sr_1_39?qid=1679148619&s=shoes&sr=1-39,4,281,1709
Woodland Mens OGC Sneaker,clothing,Shoes,https://m.media-amazon.com/images/W/IMAGERENDERING_521856-T2/images/I/71k8TsERkwL._AC_UL320_.jpg,https://www.amazon.in/Woodland-Leather-Sneaker-OGC-3608119_Olive/dp/B08T473YPW/ref=sr_1_105?qid=1679148623&s=shoes&sr=1-105,4,504,2337
Red Chief Leather Formal Shoe for Mens,clothing,Shoes,https://m.media-amazon.com/images/W/IMAGERENDERING_521856-T2/images/I/81k99-CSpXL._AC_UL320_.jpg,https://www.amazon.in/Red-Chief-Sneakers-8-RC3506-001/dp/B075L9VWQ5/ref=sr_1_25?qid=1679147878&s=shoes&sr=1-25,4,4026,2299
Campus Women's Jessica Running Shoes,clothing,Shoes,https://m.media-amazon.com/images/I/51D8Wtv3zeL._AC_UL320_.jpg,https://www.amazon.in/Campus-Womens-Jessica-FIROZI-Running/dp/B09WJ8X14C/ref=sr_1_26?qid=1679211495&s=shoes&sr=1-26,4,2593,770
Adidas Men's Clinch-X M Running Shoe,clothing,Shoes,https://m.media-amazon.com/images/I/718M+5WpfWL._AC_UL320_.jpg,https://www.amazon.in/Adidas-Mens-Clinch-X-Running-Shoe/dp/B08FZVBHM1/ref=sr_1_25?qid=1679147183&s=shoes&sr=1-25,4,3809,1169
Shasmi Women's & Girl's Solid Knitted T-Shirts,clothing,T-Shirts,https://m.media-amazon.com/images/I/61YiO2gE4OL._AC_UL320_.jpg,https://www.amazon.in/Shasmi-Womens-Knitted-Square-T-Shirts/dp/B0BQF57PFX/ref=sr_1_2122?qid=1679152818&s=apparel&sr=1-2122,4,25,338
LOUIS DEVIN Wrist Watch for Women,clothing,Watches,https://m.media-amazon.com/images/W/IMAGERENDERING_521856-T1/images/I/81jnv+iz+ZL._AC_UL320_.jpg,https://www.amazon.in/LOUIS-DEVIN-Analogue-Colored-LD-L144-BLU-CH/dp/B08VN2H8CV/ref=sr_1_8?qid=1679155582&s=watches&sr=1-8,4,5276,289
Bajaj Majesty KTX 15 1.7L Kettle,kitchen appliances,Kettle,https://m.media-amazon.com/images/I/51sP-6+RW+L._AC_UL320_.jpg,https://www.amazon.in/Bajaj-Majesty-Litre-Kettle-Silver/dp/B00KKL8OXO/ref=sr_1_3429_mod_primary_new?qid=1679135787&s=appliances&sbo=RZvfv%2F%2FHxDF%2BO5021pAnSA%3D%3D&sr=1-3429,4,1538,1699
Havells Travel Lite 0.5 Litre Electric Kettle,kitchen appliances,Kettle,https://m.media-amazon.com/images/W/IMAGERENDERING_521856-T1/images/I/41WyjwhZWbL._AC_UL320_.jpg,https://www.amazon.in/Havells-Travel-Lite-0-5-Litre-1000-Watt/dp/B00BYRK0FS/ref=sr_1_4594?qid=1679135853&s=appliances&sr=1-4594,4,220,1478
Haier 175L Single Door Refrigerator ,kitchen appliances,Refrigerators,https://m.media-amazon.com/images/I/718NPwPMm4L._AC_UL320_.jpg,https://www.amazon.in/Haier-Single-Refrigerator-HED-182ME-N-Marine/dp/B0BTHKBVRD/ref=sr_1_45?qid=1679134276&s=kitchen&sr=1-45,4,11,12490
realme TechLife Buds T100 Earbuds,electronics,Headphones,https://m.media-amazon.com/images/I/61aasAbKvvL._AC_UL320_.jpg,https://www.amazon.in/realme-TechLife-Bluetooth-Wireless-Playback/dp/B0B8VBVVMW/ref=sr_1_28?qid=1679128667&s=electronics&sr=1-28,4,5532,1499
realme Buds Wireless 2 Neo Earphones,electronics,Headphones,https://m.media-amazon.com/images/I/61+3f5q7T6S._AC_UL320_.jpg,https://www.amazon.in/realme-Wireless-Bluetooth-Earphones-Black/dp/B0999NNBPV/ref=sr_1_46?qid=1679128667&s=electronics&sr=1-46,4,48450,1299
Voltas 1.5 Ton Inverter Split AC,electronics,Air Conditioners,https://m.media-amazon.com/images/I/51WQ3nWF0vL._AC_UL320_.jpg,https://www.amazon.in/Voltas-Inverter-Split-Conditioner-VOLTAS/dp/B09WDP2DLF/ref=sr_1_16?qid=1679134237&s=kitchen&sr=1-16,4,801,37999
Whirlpool 1.5 Ton Split AC,electronics,Air Conditioners,https://m.media-amazon.com/images/I/51xzmzjFS7L._AC_UL320_.jpg,https://www.amazon.in/Whirlpool-Flexicool-Inverter-Convertible-Cooling/dp/B0BR5S1PDX/ref=sr_1_37?qid=1679134239&s=kitchen&sr=1-37,4,3604,38990
Star Work Zero Gravity Relax Chair,Furniture,Chairs,https://m.media-amazon.com/images/I/81lQ40jzq-L._AC_UL320_.jpg,https://www.amazon.in/Portable-Foldable-Recliner-Adjustable-Stainless/dp/B0BH2CNRT8/ref=sr_1_450?qid=1679212906&s=kitchen&sr=1-450,3.9,177,2999
Patiofy Swing  Cotton D Shape Swing Chair,Furniture,Chairs,https://m.media-amazon.com/images/I/611ybeeBUrL._AC_UL320_.jpg,https://www.amazon.in/Patiofy-Swing-Wooden-Balcony-Hanging/dp/B09RG13XGD/ref=sr_1_986?qid=1679212915&s=kitchen&sr=1-986,3.9,91,1485
Homescape Products Chair ,Furniture,Chairs,https://m.media-amazon.com/images/I/81NFpAMMowL._AC_UL320_.jpg,https://www.amazon.in/Homescape-Chair-Comfort-0-2years-Quality/dp/B084BZVS9Z/ref=sr_1_999?qid=1679212915&s=kitchen&sr=1-999,3.9,536,849
Homescape Products Baby's Sofa Cum Bed and Chair ,Furniture,Chairs,https://m.media-amazon.com/images/W/IMAGERENDERING_521856-T1/images/I/81NFpAMMowL._AC_UL320_.jpg,https://www.amazon.in/Homescape-Chair-Comfort-0-2years-Quality/dp/B084BZVS9Z/ref=sr_1_1125?qid=1679212917&s=kitchen&sr=1-1125,3.9,536,849
Oysters Men's Shorts ,Sports & Fitness,Men's shorts,https://m.media-amazon.com/images/I/61SY1s3YCdL._AC_UL320_.jpg,https://www.amazon.in/Oysters-Running-Athletic-Workout-Airforce/dp/B0B6QJDMZ2/ref=sr_1_62?qid=1679217837&s=sports&sr=1-62,3.9,88,649
Puma Men Shorts,Sports & Fitness,Men's shorts,https://m.media-amazon.com/images/W/IMAGERENDERING_521856-T2/images/I/61NDz7QzLML._AC_UL320_.jpg,https://www.amazon.in/Regular-Cotton-Casual-59981001-Black_M/dp/B08V4PD48M/ref=sr_1_304?qid=1679217843&s=sports&sr=1-304,3.9,16,749
Campus Men's Maxico Running Shoes,Sports & Fitness,Sports Shoes,https://m.media-amazon.com/images/I/81Pk4RiSKqL._AC_UL320_.jpg,https://www.amazon.in/Campus-Maxico-MODBLU-BLU-Running-Shoes/dp/B0855ZDZCX/ref=sr_1_7?qid=1679147183&s=shoes&sr=1-7,3.9,20422,675
Reebok Mens Motion Pulse 2 M Walking Shoe,Sports & Fitness,Sports Shoes,https://m.media-amazon.com/images/I/81oqZyAYbmL._AC_UL320_.jpg,https://www.amazon.in/Reebok-Solid-Black-Motion-Walking/dp/B09N7221KF/ref=sr_1_31?qid=1679147183&s=shoes&sr=1-31,3.9,3,903
AVANT Men's Ultra Light Running and Training Shoes,Sports & Fitness,Sports Shoes,https://m.media-amazon.com/images/I/61rpE6+B6EL._AC_UL320_.jpg,https://www.amazon.in/Avant-Ultra-Light-Running-Training/dp/B07NT7P2SV/ref=sr_1_41?qid=1679147183&s=shoes&sr=1-41,3.9,3133,649
Red Tape Men's Chelsea Boots,clothing,Shoes,https://m.media-amazon.com/images/I/61vKUYLUfGL._AC_UL320_.jpg,https://www.amazon.in/Red-Tape-Leather-Chelsea-RTE3081/dp/B08LL1PB4N/ref=sr_1_54?qid=1679148619&s=shoes&sr=1-54,3.9,592,1824
Reebok Mens Motion Pulse 2 M Walking Shoe,clothing,Shoes,https://m.media-amazon.com/images/I/81oqZyAYbmL._AC_UL320_.jpg,https://www.amazon.in/Reebok-Solid-Black-Motion-Walking/dp/B09N7221KF/ref=sr_1_31?qid=1679147183&s=shoes&sr=1-31,3.9,3,903
"NIVIK Printed, Cotton Tops & T-Shirts",clothing,T-Shirts,https://m.media-amazon.com/images/W/IMAGERENDERING_521856-T1/images/I/818VMFI4iWL._AC_UL320_.jpg,https://www.amazon.in/NIVIK-Printed-Cotton-t-Shirts-X-Large/dp/B096WD28VR/ref=sr_1_968?qid=1679152775&s=apparel&sr=1-968,3.9,1319,699
MODISH Printed Cotton t-Shirts ,clothing,T-Shirts,https://m.media-amazon.com/images/W/IMAGERENDERING_521856-T1/images/I/818VMFI4iWL._AC_UL320_.jpg,https://www.amazon.in/MODISH-Printed-Cotton-t-Shirts-Girls/dp/B09BL62VX3/ref=sr_1_3167?qid=1679152855&s=apparel&sr=1-3167,3.9,10,699
EL Unico Women's Cotton Printed T-Shirt,clothing,T-Shirts,https://m.media-amazon.com/images/I/41UItPsJBmS._AC_UL320_.jpg,https://www.amazon.in/El-Unico-Regular-T-Shirt-Tshirts/dp/B09YL695K6/ref=sr_1_5682?qid=1679152946&s=apparel&sr=1-5682,3.9,44,329
VeirdoÂ® Cotton T-Shirts,clothing,T-Shirts,https://m.media-amazon.com/images/I/614o+XQz7UL._AC_UL320_.jpg,https://www.amazon.in/Veirdo-Oversized-T-Shirts-Shoulder-Attractive/dp/B0B4PBFZC3/ref=sr_1_43?qid=1679139859&s=apparel&sr=1-43,3.9,79,399
Fossil Gen 5E Smartwatch with AMOLED Screen,clothing,Watches,https://m.media-amazon.com/images/W/IMAGERENDERING_521856-T1/images/I/81gU0NVV5WL._AC_UL320_.jpg,https://www.amazon.in/Fossil-Smartwatch-stainless-Bluetooth-calling/dp/B08FWGZB8Q/ref=sr_1_6?qid=1679155582&s=watches&sr=1-6,3.9,12329,14795
Joker & Witch Watch for Women,clothing,Watches,https://m.media-amazon.com/images/W/IMAGERENDERING_521856-T1/images/I/61UTf1uvl9L._AC_UL320_.jpg,https://www.amazon.in/Joker-Witch-Nebula-Analog-Rosegold/dp/B07MXFXDMB/ref=sr_1_20?qid=1679155582&s=watches&sr=1-20,3.9,183,949
SWISSTONE Women's Watch ,clothing,Watches,https://m.media-amazon.com/images/W/IMAGERENDERING_521856-T1/images/I/71sv3IRLaCL._AC_UL320_.jpg,https://www.amazon.in/SWISSTONE-Analogue-Womens-Watch-Colored/dp/B08L5DWSLB/ref=sr_1_93?qid=1679155584&s=watches&sr=1-93,3.9,634,520
LOUIS DEVIN Watch for Women ,clothing,Watches,https://m.media-amazon.com/images/I/71nrOS1cBWL._AC_UL320_.jpg,https://www.amazon.in/Louis-Devin-Plated-Analog-RG142-BLK/dp/B09LVJDY4M/ref=sr_1_127?qid=1679155586&s=watches&sr=1-127,3.9,212,359
CRESTELLO Watch for Women,clothing,Watches,https://m.media-amazon.com/images/I/71xtRXpoh5L._AC_UL320_.jpg,https://www.amazon.in/CRESTELLO-Analogue-Womens-Silver-Colored/dp/B08Z45LV43/ref=sr_1_237?qid=1679155590&s=watches&sr=1-237,3.9,489,279
Prestige Electric Kettle Steel (1.5Ltr),kitchen appliances,Kettle,https://m.media-amazon.com/images/W/IMAGERENDERING_521856-T1/images/I/71zlLSHbJ-L._AC_UL320_.jpg,https://www.amazon.in/Prestige-Electric-Kettle-PKOSS-1500watts/dp/B01MQZ7J8K/ref=sr_1_8?qid=1679135585&s=appliances&sr=1-8,3.9,64888,699
Prestige 1.5 Litre Kettle,kitchen appliances,Kettle,https://m.media-amazon.com/images/W/IMAGERENDERING_521856-T2/images/I/511wIb+y8BL._AC_UL320_.jpg,https://www.amazon.in/Prestige-1-5-Kettle-1500-watts-Red/dp/B07VNFP3C2/ref=sr_1_50?qid=1679135588&s=appliances&sr=1-50,3.9,33077,679
AmazonBasics 1.5L Electric Kettle,kitchen appliances,Kettle,https://m.media-amazon.com/images/I/71uU8--o7CL._AC_UL320_.jpg,https://www.amazon.in/Amazon-Basics-Electric-Kettle-Stainless/dp/B0B2DZ5S6R/ref=sr_1_513?qid=1679135617&s=appliances&sr=1-513,3.9,547,599
Godrej 30L Qube Single door refrigerator,kitchen appliances,Refrigerators,https://m.media-amazon.com/images/I/41DCsatZklL._AC_UL320_.jpg,https://www.amazon.in/Godrej-Qube-Personal-Cooling-Solution/dp/B07R3WXXH5/ref=sr_1_30?qid=1679134276&s=kitchen&sr=1-30,3.9,2013,7590
boAt Airdopes 141 Earbuds,electronics,Headphones,https://m.media-amazon.com/images/I/51HBom8xz7L._AC_UL320_.jpg,https://www.amazon.in/Airdopes-141-Playtime-Resistance-Bluetooth/dp/B09N3ZNHTY/ref=sr_1_5?qid=1679128666&s=electronics&sr=1-5,3.9,172343,1299
Boult Audio Z40 Earbuds,electronics,Headphones,https://m.media-amazon.com/images/I/61LlQRdDZ2L._AC_UL320_.jpg,https://www.amazon.in/Boult-Audio-Wireless-Playtime-Bluetooth/dp/B0BQN2RMJF/ref=sr_1_28?qid=1679128666&s=electronics&sr=1-28,3.9,1320,1499
JBL C50HI,electronics,Headphones,https://m.media-amazon.com/images/I/61bKM6CSSFL._AC_UL320_.jpg,https://www.amazon.in/JBL-C50HI-Ear-Headphones-Black/dp/B07JQKQ91F/ref=sr_1_35?qid=1679128667&s=electronics&sr=1-35,3.9,95654,399
Noise Buds VS104 Earbuds,electronics,Headphones,https://m.media-amazon.com/images/I/51cjIEYU8BL._AC_UL320_.jpg,https://www.amazon.in/Noise-Bluetooth-Wireless-30-Hours-Instacharge/dp/B09Y5MP7C4/ref=sr_1_44?qid=1679128667&s=electronics&sr=1-44,3.9,13948,1199
Boult Audio Maverick Earbuds,electronics,Headphones,https://m.media-amazon.com/images/I/71cBZJsl+EL._AC_UL320_.jpg,https://www.amazon.in/Boult-Audio-Maverick-Wireless-Bluetooth/dp/B0BBGJPX7X/ref=sr_1_52?qid=1679128667&s=electronics&sr=1-52,3.9,5189,1499
Whirlpool 1.5 Ton Inverter Split AC ,electronics,Air Conditioners,https://m.media-amazon.com/images/I/51vyGNOskVL._AC_UL320_.jpg,https://www.amazon.in/Whirlpool-Flexicool-Inverter-Convertible-Cooling/dp/B0BR5RF5KT/ref=sr_1_21?qid=1679134237&s=kitchen&sr=1-21,3.9,3670,31990
Blue Star 1.5 Ton Inverter Split AC ,electronics,Air Conditioners,https://m.media-amazon.com/images/I/515BpZfhH1L._AC_UL320_.jpg,https://www.amazon.in/Blue-Star-Inverter-Convertible-IA318FNU/dp/B09RG2SZVX/ref=sr_1_27?qid=1679134237&s=kitchen&sr=1-27,3.9,700,35990
Godrej 1.5 Ton Inverter Split AC ,electronics,Air Conditioners,https://m.media-amazon.com/images/I/41kGqW4aeML._AC_UL320_.jpg,https://www.amazon.in/Godrej-Convertible-1-5T-18TINV3R32-GWA-18TINV3R32-GWB/dp/B0BN37L5KM/ref=sr_1_33?qid=1679134239&s=kitchen&sr=1-33,3.9,341,32490
Carrier 2 Ton Inverter Split AC,electronics,Air Conditioners,https://m.media-amazon.com/images/I/61JtwWcAcoL._AC_UL320_.jpg,https://www.amazon.in/Carrier-Flexicool-Convertible-Filtration-CAI24ES5R33F0/dp/B0BR58NG48/ref=sr_1_52?qid=1679134239&s=kitchen&sr=1-52,3.9,69,52990
Swingzy Cotton Netted Rope Hanging Swing Chair ,Furniture,Chairs,https://m.media-amazon.com/images/I/71G9qw7kKWL._AC_UL320_.jpg,https://www.amazon.in/Swingzy-Hanging-Capacity-Accessories-Included/dp/B099WZV4K4/ref=sr_1_443?qid=1679212906&s=kitchen&sr=1-443,3.8,506,999
EEMWAY sky blue Color rack,Furniture,Racks,https://m.media-amazon.com/images/I/61IYvBy65YL._AC_UL320_.jpg,https://www.amazon.in/EEMWAY-Fabric-Portable-4-laier-SkyBlue/dp/B084DQZCQ4/ref=sr_1_439?qid=1679212906&s=kitchen&sr=1-439,3.8,1347,204
Snazzy 5 Tier Foldable Metal rack ( Grey),Furniture,Racks,https://m.media-amazon.com/images/I/519s3uO0fKL._AC_UL320_.jpg,https://www.amazon.in/Snazzy-Foldable-Bookshelf-Bookcase-Bookrack/dp/B099ZLX7QG/ref=sr_1_485?qid=1679212908&s=kitchen&sr=1-485,3.8,102,1385
Nivia Training_3 Shorts for Men,Sports & Fitness,Men's shorts,https://m.media-amazon.com/images/I/61CLnNn-UgL._AC_UL320_.jpg,https://www.amazon.in/Nivia-5080-NIVIA-Training-Short-3/dp/B089L4TMRS/ref=sr_1_1456?qid=1679217858&s=sports&sr=1-1456,3.8,82,487
Bourge Men's Loire-z126 Running Shoes,Sports & Fitness,Sports Shoes,https://m.media-amazon.com/images/I/71fC87DbLHL._AC_UL320_.jpg,https://www.amazon.in/Bourge-Loire-63-Running-Shoes-9-Loire-63-D-Grey-09/dp/B07MPZ1B3C/ref=sr_1_20?qid=1679147183&s=shoes&sr=1-20,3.8,28719,493.92
Qatalyze Extra Large and Thick NBR Yoga Mat ,Sports & Fitness,Yoga Mats,https://m.media-amazon.com/images/I/91XxIoOAqLS._AC_UL320_.jpg,https://www.amazon.in/Qatalyze-Extra-Strong-Exercise-Workout/dp/B08X7FT1D1/ref=sr_1_79?qid=1679217838&s=sports&sr=1-79,3.8,608,999
DEVMA Narains Packaging Green Yoga Mat,Sports & Fitness,Yoga Mats,https://m.media-amazon.com/images/I/71+xP1RLgAL._AC_UL320_.jpg,https://www.amazon.in/Narains-Packaging-Green-Non-Slippery-Washable/dp/B079RCMLPZ/ref=sr_1_94?qid=1679217838&s=sports&sr=1-94,3.8,121,208
Centrino Men's Formal Shoes,clothing,Shoes,https://m.media-amazon.com/images/W/IMAGERENDERING_521856-T2/images/I/71gU0tHpqrL._AC_UL320_.jpg,https://www.amazon.in/Centrino-Black-Formal-Shoes-8-9383-003/dp/B075Z4DJMY/ref=sr_1_15?qid=1679147878&s=shoes&sr=1-15,3.8,5604,559
FENTACIA Men Leather Formal Shoes,clothing,Shoes,https://m.media-amazon.com/images/W/IMAGERENDERING_521856-T2/images/I/71u7m2bPnbL._AC_UL320_.jpg,https://www.amazon.in/FENTACIA-Black-Genuine-Leather-Formal/dp/B09J97NNFV/ref=sr_1_27?qid=1679147878&s=shoes&sr=1-27,3.8,5849,1000
ADAMO Women's Watch,clothing,Watches,https://m.media-amazon.com/images/W/IMAGERENDERING_521856-T1/images/I/61uY-wl4OdL._AC_UL320_.jpg,https://www.amazon.in/ADAMO-Analog-Rose-Womens-Watch-839KKM21/dp/B07QXKK81H/ref=sr_1_43?qid=1679155582&s=watches&sr=1-43,3.8,4390,296
SKYLOFTS Women Watches Watch,clothing,Watches,https://m.media-amazon.com/images/I/61SfxduOmKL._AC_UL320_.jpg,https://www.amazon.in/SKYLOFTS-Gold-Plated-Movement-Analogue-Gold/dp/B07XLQWKZW/ref=sr_1_203?qid=1679155590&s=watches&sr=1-203,3.8,1004,625
Prestige PKGSS 1.7L Electric Kettle,kitchen appliances,Kettle,https://m.media-amazon.com/images/W/IMAGERENDERING_521856-T2/images/I/71hrYgAgdGL._AC_UL320_.jpg,https://www.amazon.in/Prestige-PKGSS-Electric-Kettle-Stainless/dp/B00NW4UWN6/ref=sr_1_40?qid=1679135586&s=appliances&sr=1-40,3.8,16348,799
Prestige PKOSS 1.8 Litre Kettle,kitchen appliances,Kettle,https://m.media-amazon.com/images/I/511wIb+y8BL._AC_UL320_.jpg,https://www.amazon.in/Prestige-PKOSS-1-8-Kettle-Red/dp/B07XRVWCDD/ref=sr_1_488?qid=1679135615&s=appliances&sr=1-488,3.8,14790,825
Baltra Solid Electric Kettle 6L,kitchen appliances,Kettle,https://m.media-amazon.com/images/W/IMAGERENDERING_521856-T2/images/I/41COdVWBZnS._AC_UL320_.jpg,https://www.amazon.in/Baltra-Solid-Electric-Kettle-Silver/dp/B096V93PC8/ref=sr_1_6863?qid=1679135979&s=appliances&sr=1-6863,3.8,91,1899
pTron Tangent Evo,electronics,Headphones,https://m.media-amazon.com/images/I/51zLZReyZVL._AC_UL320_.jpg,https://www.amazon.in/Tangent-Evo-Headphones-Resistance-Assistance/dp/B097RXPRMJ/ref=sr_1_25?qid=1679128666&s=electronics&sr=1-25,3.8,76999,599
OnePlus Nord Buds CE Earbuds,electronics,Headphones,https://m.media-amazon.com/images/I/41+o3c8Qo+L._AC_UL320_.jpg,https://www.amazon.in/OnePlus-Truly-Wireless-Bluetooth-Earbuds/dp/B0BLNR4TBT/ref=sr_1_32?qid=1679128667&s=electronics&sr=1-32,3.8,546,2299
Samsung 1.5 Ton Inverter Split AC ,electronics,Air Conditioners,https://m.media-amazon.com/images/I/51dPET0mdFL._AC_UL320_.jpg,https://www.amazon.in/Samsung-Inverter-Convertible-Anti-Bacteria-AR18CYLZABE/dp/B0BRQCYQHK/ref=sr_1_22?qid=1679134237&s=kitchen&sr=1-22,3.8,312,35499
"Nirency Bathroom Shelf for Wall, Bathroom Rack",Furniture,Racks,https://m.media-amazon.com/images/I/41uY8fDgh3L._AC_UL320_.jpg,https://www.amazon.in/Nirency-Multipurpose-Bathroom-Drilling-Self-Adhesive/dp/B09CMHC6TC/ref=sr_1_490?qid=1679212908&s=kitchen&sr=1-490,3.7,183,399
TEMPEST Running Shorts for Men,Sports & Fitness,Men's shorts,https://m.media-amazon.com/images/I/61Bzn789l7L._AC_UL320_.jpg,https://www.amazon.in/TEMPEST-White-Running-Sport-Shorts/dp/B09BG2MBW9/ref=sr_1_224?qid=1679217841&s=sports&sr=1-224,3.7,166,375
Nike Mens Flex Experience Rn 10 Running Shoe,Sports & Fitness,Sports Shoes,https://m.media-amazon.com/images/I/7175Z5h5AiL._AC_UL320_.jpg,https://www.amazon.in/Nike-Experience-Running-Shoe-9-CI9960-002/dp/B08Q8RTTZV/ref=sr_1_35?qid=1679147183&s=shoes&sr=1-35,3.7,553,1899
DE LOYON Men's Leather Formal Shoes,clothing,Shoes,https://m.media-amazon.com/images/W/IMAGERENDERING_521856-T2/images/I/6110skSRuKL._AC_UL320_.jpg,https://www.amazon.in/LOYON-Patent-Leather-Formal-Numeric_6/dp/B08KN47GSF/ref=sr_1_151?qid=1679147883&s=shoes&sr=1-151,3.7,1406,499
Nike Mens Flex Experience Rn 10 Running Shoe,clothing,Shoes,https://m.media-amazon.com/images/I/7175Z5h5AiL._AC_UL320_.jpg,https://www.amazon.in/Nike-Experience-Running-Shoe-9-CI9960-002/dp/B08Q8RTTZV/ref=sr_1_35?qid=1679147183&s=shoes&sr=1-35,3.7,553,1899
Kuber Industries Stainless Steel Kettle,kitchen appliances,Kettle,https://m.media-amazon.com/images/I/614vU2jqJ0L._AC_UL320_.jpg,https://www.amazon.in/Kuber-Industries-Stainless-Kettle-Capacity/dp/B07JN3C52F/ref=sr_1_6737?qid=1679135972&s=appliances&sr=1-6737,3.7,109,549
pTron Bassbuds Jade Earbuds,electronics,Headphones,https://m.media-amazon.com/images/I/51myi+sPEoL._AC_UL320_.jpg,https://www.amazon.in/Bassbuds-Jade-Headphone-Cancellation-Waterproof/dp/B09BNZLTDZ/ref=sr_1_47?qid=1679128667&s=electronics&sr=1-47,3.7,24285,898
boAt Rockerz 103 Pro Bluetooth Neckband,electronics,Headphones,https://m.media-amazon.com/images/I/51gnMEfoBCL._AC_UL320_.jpg,https://www.amazon.in/boAt-Rockerz-103-Pro-Bluetooth/dp/B0BR5GXJDR/ref=sr_1_52?qid=1679128669&s=electronics&sr=1-52,3.7,513,899
AmazonBasics 1.5 Ton Inverter Split AC ,electronics,Air Conditioners,https://m.media-amazon.com/images/I/71Gij6Cos4L._AC_UL320_.jpg,https://www.amazon.in/AmazonBasics-Star-Inverter-Conditioner-LEEL/dp/B07L44L1GP/ref=sr_1_52?qid=1679134240&s=kitchen&sr=1-52,3.7,1195,32990
KARP Office Chair Wheel Revolving Chair,Furniture,Chairs,https://m.media-amazon.com/images/I/61OovdsVISL._AC_UL320_.jpg,https://www.amazon.in/KARP-Office-Castor-Thread-Revolving/dp/B09RSYPKX8/ref=sr_1_482?qid=1679212908&s=kitchen&sr=1-482,3.6,119,249
Study Table Chair for Growing Kids,Furniture,Chairs,https://m.media-amazon.com/images/I/71I+1qRvDML._AC_UL320_.jpg,https://www.amazon.in/Growing-Cartoon-Printed-Rounded-Foldable/dp/B0BMDW8X6P/ref=sr_1_495?qid=1679212908&s=kitchen&sr=1-495,3.6,8,699
PARASNATH Mild Steel Plastic 3-4 Layer Utility Shoe Rack,Furniture,Racks,https://m.media-amazon.com/images/I/91FHmLk9-dL._AC_UL320_.jpg,https://www.amazon.in/PARASNATH-Steel-Plastic-Utility-Shelve/dp/B09GV9KG9V/ref=sr_1_451?qid=1679212906&s=kitchen&sr=1-451,3.6,313,370
UNBEATABLE Men s Running Shorts,Sports & Fitness,Men's shorts,https://m.media-amazon.com/images/I/81sOaxv+2SL._AC_UL320_.jpg,https://www.amazon.in/UNBEATABLE-Running-Shorts%EF%BC%8CWorkout-Shorts-Outdoor/dp/B09Y1YC8ZF/ref=sr_1_61?qid=1679217837&s=sports&sr=1-61,3.6,115,328
Adidas Men's Polyester Club Sw Shorts,Sports & Fitness,Men's shorts,https://m.media-amazon.com/images/W/IMAGERENDERING_521856-T2/images/I/71lOIhAUCYL._AC_UL320_.jpg,https://www.amazon.in/Adidas-Polyester-Shorts-Gh7222-M-White/dp/B08S3QSL2L/ref=sr_1_294?qid=1679217843&s=sports&sr=1-294,3.6,6,869
LEOTUDE Women's Cottonblend T-Shirts,clothing,T-Shirts,https://m.media-amazon.com/images/W/IMAGERENDERING_521856-T1/images/I/61iKv6-unXL._AC_UL320_.jpg,https://www.amazon.in/Leotude-Womens-T-Shirt-22_PNKHEART_S_Grey_Small/dp/B08HJ6ZDC6/ref=sr_1_14?qid=1679152740&s=apparel&sr=1-14,3.6,162,309
The Modern Soul T-Shirts,clothing,T-Shirts,https://m.media-amazon.com/images/I/618jtrnUUwL._AC_UL320_.jpg,https://www.amazon.in/Modern-Soul-Oversized-T-Shirts-Medium/dp/B0BVTG2QPQ/ref=sr_1_25?qid=1679139859&s=apparel&sr=1-25,3.6,13,379
Fastrack Reflex Play Smart Watch with AOD,clothing,Watches,https://m.media-amazon.com/images/W/IMAGERENDERING_521856-T1/images/I/71MXBWGALUL._AC_UL320_.jpg,https://www.amazon.in/Fastrack-Reflex-AMOLED-Display-Watchfaces/dp/B0B4NSK3L1/ref=sr_1_5?qid=1679155582&s=watches&sr=1-5,3.6,3013,3495
Writing Table Chair for Growing Kids,Furniture,Chairs,https://m.media-amazon.com/images/I/41wGjFWnJfL._AC_UL320_.jpg,https://www.amazon.in/Writing-Growing-Cartoon-Printed-Foldable/dp/B0BR7LLY7N/ref=sr_1_1165?qid=1679212919&s=kitchen&sr=1-1165,3.5,7,699
Shona Business Plastic Chair (Brown),Furniture,Chairs,https://m.media-amazon.com/images/I/51y3Q57-KhL._AC_UL320_.jpg,https://www.amazon.in/Shona-Business-Plastic-Chair-Pack/dp/B09T6MVLPF/ref=sr_1_1189?qid=1679212920&s=kitchen&sr=1-1189,3.5,12,811
Amazon Brand - Solimo - Multipurpose Rack,Furniture,Racks,https://m.media-amazon.com/images/W/IMAGERENDERING_521856-T2/images/I/715wwm0l3SL._AC_UL320_.jpg,https://www.amazon.in/Amazon-Brand-Solimo-Multipurpose-Clothes/dp/B0B9811KST/ref=sr_1_345?qid=1679212904&s=kitchen&sr=1-345,3.5,27,1064.86
Multipurpose Utility 4 Layer Heavy Duty Foldable Rack ,Furniture,Racks,https://m.media-amazon.com/images/W/IMAGERENDERING_521856-T2/images/I/41pCpUoeXqL._AC_UL320_.jpg,https://www.amazon.in/Multipurpose-Utility-Layer-Plastic-Foldable/dp/B0BK1PPGNC/ref=sr_1_359?qid=1679212904&s=kitchen&sr=1-359,3.5,2,449
Yogarise 6mm TPE Anti-Skid Yoga Mat ,Sports & Fitness,Yoga Mats,https://m.media-amazon.com/images/I/61l0geAGAhL._AC_UL320_.jpg,https://www.amazon.in/Anti-Skid-Waterproof-Lightweight-Convenient-6mm/dp/B0B2WSH8Y1/ref=sr_1_87?qid=1679217838&s=sports&sr=1-87,3.5,138,699
ARNV 12mm Yoga Mats ,Sports & Fitness,Yoga Mats,https://m.media-amazon.com/images/W/IMAGERENDERING_521856-T2/images/I/91qILScbd1S._AC_UL320_.jpg,https://www.amazon.in/ARNV-YM-12mm-Purple-Other-Purple-Strap/dp/B08LCLVT4C/ref=sr_1_291?qid=1679217843&s=sports&sr=1-291,3.5,31,397.67
LEOTUDE Women's Cottonblend Half Sleeve T-Shirts,clothing,T-Shirts,https://m.media-amazon.com/images/I/61gbhfCSB8L._AC_UL320_.jpg,https://www.amazon.in/LEOTUDE-Oversized-Cotton-Sleeve-T-Shirts/dp/B0BCQQ7XG5/ref=sr_1_141?qid=1679152743&s=apparel&sr=1-141,3.5,165,304
Trendy World Cotton Printed Half Sleeves T-Shirts,clothing,T-Shirts,https://m.media-amazon.com/images/I/81MCGmekwRL._AC_UL320_.jpg,https://www.amazon.in/Trendy-World-Printed-Sleeves-T-Shirts/dp/B09WZ28WM5/ref=sr_1_5117?qid=1679152925&s=apparel&sr=1-5117,3.5,92,799
LEOTUDE NEON Green Cotton Blend T-Shirts,clothing,T-Shirts,https://m.media-amazon.com/images/I/712GTx78xmL._AC_UL320_.jpg,https://www.amazon.in/LEOTUDE-Mens-Oversized-T-Shirt-FS49_NEON_Stronger_P_Neon_XL/dp/B0B7JZ841X/ref=sr_1_50?qid=1679139859&s=apparel&sr=1-50,3.5,441,299
pTron Bassbuds Duo Earbuds ,electronics,Headphones,https://m.media-amazon.com/images/I/51ZT3aMrJIL._AC_UL320_.jpg,https://www.amazon.in/Bassbuds-Duo-Headphones-Water-Resistant-Assistance/dp/B09DD9SX9Z/ref=sr_1_20?qid=1679128666&s=electronics&sr=1-20,3.5,166394,799
ZEBRONICS Zeb-Bro Wired Earphones,electronics,Headphones,https://m.media-amazon.com/images/I/51D37uhFFBL._AC_UL320_.jpg,https://www.amazon.in/Zebronics-Zeb-Bro-Wired-Earphone/dp/B07T5DKR5D/ref=sr_1_21?qid=1679128666&s=electronics&sr=1-21,3.5,24675,149
pTron Bassbuds Duo Earbuds,electronics,Headphones,https://m.media-amazon.com/images/I/51phrq2UojL._AC_UL320_.jpg,https://www.amazon.in/Bassbuds-Duo-Headphones-Water-Resistant-Assistance/dp/B09DD7N79Q/ref=sr_1_51?qid=1679128667&s=electronics&sr=1-51,3.5,166394,799
Daikin 1.5 Ton Inverter Split AC ,electronics,Air Conditioners,https://m.media-amazon.com/images/I/41O8pnwGG+L._AC_UL320_.jpg,https://www.amazon.in/Daikin-Inverter-Display-Technology-MTKL50U/dp/B0BK1KS6ZD/ref=sr_1_26?qid=1679134237&s=kitchen&sr=1-26,3.5,2,39499
Samsung 1.5 Ton Inverter Split AC ,electronics,Air Conditioners,https://m.media-amazon.com/images/I/71kIl8z3SJL._AC_UL320_.jpg,https://www.amazon.in/Samsung-Technology-Convertible-Anti-Bacteria-AR18CYLANWK/dp/B0BRQB5SKS/ref=sr_1_35?qid=1679134239&s=kitchen&sr=1-35,3.5,15,37699
Flexi Madhav Bathroom Corner Rack,Furniture,Racks,https://m.media-amazon.com/images/I/61yFp5uq5cS._AC_UL320_.jpg,https://www.amazon.in/Flexi-Madhav-Self-Adhesive-Stainless-Bathroom/dp/B09VXLVGTT/ref=sr_1_481?qid=1679212908&s=kitchen&sr=1-481,3.4,292,299
Bharat Sales Vinyl Chair (Brown),Furniture,Chairs,https://m.media-amazon.com/images/W/IMAGERENDERING_521856-T2/images/I/41b0zi94czL._AC_UL320_.jpg,https://www.amazon.in/Bharat-Sales-Adjustable-Height-Control/dp/B08VJ68429/ref=sr_1_357?qid=1679212904&s=kitchen&sr=1-357,3.3,109,499
Cane Crafts Bamboo Bait Wooden Shoe Rack ,Furniture,Racks,https://m.media-amazon.com/images/W/IMAGERENDERING_521856-T2/images/I/71yymzx4FdL._AC_UL320_.jpg,https://www.amazon.in/Enterprises-Bamboo-Slipper-Planter-Bookshelf/dp/B09HBZ5NGB/ref=sr_1_350?qid=1679212904&s=kitchen&sr=1-350,3.3,163,1019
THE BLAZZE T-Shirts for Men's,clothing,T-Shirts,https://m.media-amazon.com/images/I/71Yp5jj+mYL._AC_UL320_.jpg,https://www.amazon.in/BLAZZE-0017-T-Shirts-Combo-Combo_1/dp/B093SQNMP9/ref=sr_1_74?qid=1679139862&s=apparel&sr=1-74,3.3,930,399
Fableart Tea Kettle 1 L,kitchen appliances,Kettle,https://m.media-amazon.com/images/I/41wN0ismdQL._AC_UL320_.jpg,https://www.amazon.in/Fableart-Stainless-Steel-Thermo-Kettle/dp/B09HP2H7YN/ref=sr_1_2743?qid=1679135750&s=appliances&sr=1-2743,3.3,3,499
LG 0.8 Ton Inverter Split AC,electronics,Air Conditioners,https://m.media-amazon.com/images/I/51JFb7FctDL._AC_UL320_.jpg,https://www.amazon.in/LG-Inverter-Convertible-protection-RS-Q10ENXE/dp/B0BQN41YJV/ref=sr_1_39?qid=1679134239&s=kitchen&sr=1-39,3.3,22,30490
wolpin Stainless Steel Wall Shelves Rack,Furniture,Racks,https://m.media-amazon.com/images/I/71YQYsNrI6L._AC_UL320_.jpg,https://www.amazon.in/Stainless-Shelves-Multipurpose-Bathroom-Accessories/dp/B0B2PSW7C4/ref=sr_1_503?qid=1679212908&s=kitchen&sr=1-503,3.2,83,879
Whirlpool 184L Single Door Refrigerator ,kitchen appliances,Refrigerators,https://m.media-amazon.com/images/I/51b0MWxiRXL._AC_UL320_.jpg,https://www.amazon.in/Whirlpool-Direct-Cool-Refrigerator-SAPPHIRE-BLOOM-Z/dp/B0BSRV1YGK/ref=sr_1_26?qid=1679134275&s=kitchen&sr=1-26,3.1,8,12890
The Modern Soul Women and Girls T-Shirts,clothing,T-Shirts,https://m.media-amazon.com/images/W/IMAGERENDERING_521856-T2/images/I/61a0FLRQejL._AC_UL320_.jpg,https://www.amazon.in/Modern-Soul-Cotton-Oversized-T-Shirts/dp/B0BWB8WPTF/ref=sr_1_2502?qid=1679152833&s=apparel&sr=1-2502,3,2,349
LEOTUDE Men's Cottonblend T-Shirts ,clothing,T-Shirts,https://m.media-amazon.com/images/I/61bzvKukDhL._AC_UL320_.jpg,https://www.amazon.in/LEOTUDE-Oversized-Round-T-Shirts-FS49_LOSANGELES_P_Brown_M/dp/B0BVW4R64W/ref=sr_1_18?qid=1679139859&s=apparel&sr=1-18,2.7,11,299
Havells-Lloyd 91L Single Door Fridge ,kitchen appliances,Refrigerators,https://m.media-amazon.com/images/I/51znD1L80nL._AC_UL320_.jpg,https://www.amazon.in/Direct-Cool-Single-Fridge-GLDC111RMGW1EB-METALLIC/dp/B08PP223WX/ref=sr_1_48?qid=1679134276&s=kitchen&sr=1-48,2.7,9,9990
BDMP 3 Shelves Shoe Stand Storage Rack ,Furniture,Racks,https://m.media-amazon.com/images/W/IMAGERENDERING_521856-T2/images/I/61sDrHke87L._AC_UL320_.jpg,https://www.amazon.in/BDMP-Shelves-Collapsible-Storage-Footwear/dp/B0BVBN2ZBD/ref=sr_1_353?qid=1679212904&s=kitchen&sr=1-353,1.7,8,299
Nike Mens Free Metcon 4 Running Shoe,clothing,Shoes,https://m.media-amazon.com/images/I/71oIdzbvFyL._AC_UL320_.jpg,https://www.amazon.in/Nike-Metcon-4-Black-Strike-White-Racer-BLUE-CT3886-074-8-5/dp/B0BJ2T5R1N/ref=sr_1_1968?qid=1679147255&s=shoes&sr=1-1968,1,1,6679
